aab,Torricelli
aar,Afro-Asiatic
aba,Sepik
abb,Afro-Asiatic
abd,Niger-Congo
abe,Afro-Asiatic
abh,Afro-Asiatic
abi,Guaicuruan
abk,Northwest Caucasian
abm,Muskogean
abn,Pama-Nyungan
abo,Afro-Asiatic
abu,Abun
abv,Greater West Bomberai
abw,Algic
abz,Northwest Caucasian
ace,Austronesian
acg,Arawakan
ach,Tupian
aci,Mayan
acl,Eastern Sudanic
acm,Hokan
acn,Sino-Tibetan
aco,Keresan
acu,Jivaroan
ada,other
adg,Greater West Bomberai
adi,Niger-Congo
adk,Andoke
adn,Pama-Nyungan
adt,Northwest Caucasian
ady,Northwest Caucasian
adz,Austronesian
aea,Eskimo-Aleut
aeg,Afro-Asiatic
ael,Afro-Asiatic
afr,Indo-European
aga,Trans-New Guinea
agb,Niger-Congo
agc,Austronesian
agd,Austronesian
agh,Niger-Congo
agl,Nakh-Daghestanian
agm,Sino-Tibetan
ago,other
agr,Jivaroan
agt,Pama-Nyungan
agu,Mayan
agw,Afro-Asiatic
aho,Algic
ahs,Afro-Asiatic
aht,Na-Dene
ahu,Trans-New Guinea
aik,Aikaná
ain,Ainu
aiz,Niger-Congo
aja,Central Sudanic
ajg,Niger-Congo
aji,Austronesian
aka,Niger-Congo
akb,Great Andamanese
akc,Great Andamanese
akh,Sino-Tibetan
akk,Great Andamanese
akl,Austronesian
akm,Sino-Tibetan
akn,Niger-Congo
ako,Afro-Asiatic
akr,Caddoan
akw,Cariban
ala,Sepik
alb,Indo-European
alc,Huarpe
ald,Niger-Congo
ale,Eskimo-Aleut
alg,Algic
alk,Austronesian
all,Austronesian
aln,Austronesian
als,Oregon Coast
alt,Indo-European
alu,Chukotko-Kamchatkan
alw,Mangarrayi-Maran
alx,Austronesian
aly,Pama-Nyungan
ama,Austronesian
amb,Sepik
amc,Pano-Tacanan
amd,Sino-Tibetan
ame,Trans-New Guinea
amh,Afro-Asiatic
ami,Austronesian
amk,Harakmbet
aml,Austronesian
amm,Left May
amn,Border
amo,Niger-Congo
amp,Pama-Nyungan
amq,Austronesian
amr,Afro-Asiatic
ams,Afro-Asiatic
amt,Sino-Tibetan
amu,Arawakan
amx,Trans-New Guinea
amz,Oto-Manguean
ana,Pano-Tacanan
anc,Afro-Asiatic
ane,Anêm
ang,Senagi
ani,Khoe-Kwadi
anj,Austronesian
anl,Afro-Asiatic
ann,Gunwinyguan
ano,Sino-Tibetan
ant,Trans-New Guinea
anu,Niger-Congo
anx,Nakh-Daghestanian
any,Eastern Sudanic
ao,Sino-Tibetan
aoj,Torricelli
apa,Afro-Asiatic
apc,Na-Dene
ape,Trans-New Guinea
api,Macro-Ge
apj,Na-Dene
apk,Great Andamanese
apl,Cariban
apt,Sino-Tibetan
apu,Arawakan
apw,Na-Dene
ara,Arawakan
arb,Zaparoan
arc,Nakh-Daghestanian
ard,South Bird's Head
arg,Afro-Asiatic
arh,Afro-Asiatic
ari,Austronesian
arj,Afro-Asiatic
ark,Austronesian
arl,Afro-Asiatic
arm,Indo-European
arn,Afro-Asiatic
aro,Austronesian
arp,Torricelli
arq,Afro-Asiatic
arr,Pama-Nyungan
ars,Afro-Asiatic
arv,Afro-Asiatic
arw,Indo-European
arx,Austronesian
arz,Indo-European
ash,Northwest Caucasian
asl,other
asm,Asmat-Kamrau Bay
aso,Altaic
ass,Indo-European
ast,Indo-European
asu,Tupian
asy,Afro-Asiatic
ata,Austronesian
atb,Austronesian
atc,Austronesian
ath,Sino-Tibetan
ati,Algic
atk,Atakapa
atm,Kunza
atq,Eskimo-Aleut
ats,Hokan
atu,Afro-Asiatic
au,Torricelli
aul,Austronesian
aus,other
auy,Trans-New Guinea
ava,Nakh-Daghestanian
avk,Niger-Congo
avo,Central Sudanic
avt,Niger-Congo
awa,Trans-New Guinea
awd,Indo-European
awe,Pama-Nyungan
awi,Kamula-Elevala
awk,Niger-Congo
awn,Afro-Asiatic
awp,Barbacoan
awt,Sepik
awy,Border
axv,Nakh-Daghestanian
ayi,Niger-Congo
aym,Aymaran
ayn,Altaic
ayo,Jirajaran
ayr,Zamucoan
ayw,Austronesian
aze,Altaic
azi,Altaic
baa,Trans-New Guinea
bab,Niger-Congo
bac,Wandjiginy
bad,Afro-Asiatic
bae,Arawakan
baf,Niger-Congo
bag,Central Sudanic
bah,Arawakan
bai,Sino-Tibetan
baj,Austronesian
bak,Niger-Congo
bal,Austronesian
bam,Mande
ban,Afro-Asiatic
bao,Altaic
baq,Arawakan
bar,Eastern Sudanic
bas,Niger-Congo
bat,Austronesian
bau,Trans-New Guinea
baw,Sino-Tibetan
bbf,Mande
bbl,Niger-Congo
bbm,Austronesian
bbu,Niger-Congo
bbw,Gunwinyguan
bca,Pama-Nyungan
bch,Afro-Asiatic
bco,Salishan
bdc,other
bdg,Dravidian
bdk,Nakh-Daghestanian
bdm,Pama-Nyungan
bdu,Niger-Congo
bdw,Greater West Bomberai
beb,Trans-New Guinea
bec,Indo-European
bee,Niger-Congo
beg,Austronesian
bej,Afro-Asiatic
bel,Sino-Tibetan
bem,Niger-Congo
ben,Indo-European
beo,Beothuk
ber,Berta
bet,Niger-Congo
bez,Nakh-Daghestanian
bfd,Niger-Congo
bfg,Afro-Asiatic
bfi,Niger-Congo
bga,Niger-Congo
bgg,Austronesian
bgi,Indo-European
bgl,Chibchan
bgm,Bangime
bgn,Sino-Tibetan
bgo,Central Sudanic
bgr,Central Sudanic
bgs,Niger-Congo
bgv,Nakh-Daghestanian
bgz,Austronesian
bhi,Indo-European
bhn,Sepik
bho,Indo-European
bhu,Austro-Asiatic
bia,Niger-Congo
bid,Afro-Asiatic
big,Central Sudanic
bii,Pama-Nyungan
bik,Austronesian
bil,Solomons East Papuan
bim,Austronesian
bin,Trans-New Guinea
bio,Kwomtari
biq,Austronesian
bir,Niger-Congo
bis,Mande
bit,Austronesian
biu,Sino-Tibetan
bjs,Austronesian
bka,Central Sudanic
bkb,Dravidian
bkd,Austronesian
bki,Cariban
bkl,Austronesian
bkn,Niger-Congo
bkr,Austronesian
bkt,Indo-European
bku,Niger-Congo
bla,Algic
blc,Indo-European
ble,Niger-Congo
blg,Austronesian
blj,Eastern Sudanic
blk,Austronesian
bln,Afro-Asiatic
blq,Afro-Asiatic
blr,Indo-European
blt,Sino-Tibetan
blu,Niger-Congo
blx,Siouan
bly,Pama-Nyungan
blz,Niger-Congo
bma,Afro-Asiatic
bmb,Niger-Congo
bmn,Niger-Congo
bmr,Trans-New Guinea
bmz,Afro-Asiatic
bna,Arauan
bnb,Bunuban
bnd,Mande
bng,Baining
bni,Niger-Congo
bnj,Pama-Nyungan
bnk,Niger-Congo
bnl,Pama-Nyungan
bnm,Trans-New Guinea
bnn,Austronesian
bno,Tucanoan
bnq,Mande
bnr,Pama-Nyungan
bnt,Austronesian
bnu,Pama-Nyungan
bnv,Arawakan
bnw,Arawakan
boa,Trans-New Guinea
bob,Niger-Congo
bod,Sino-Tibetan
boi,Sepik
boj,Sino-Tibetan
bok,Mande
bol,Niger-Congo
bon,Trans-New Guinea
boq,Sino-Tibetan
bor,Boran
bos,Indo-European
bou,Afro-Asiatic
boz,Mande
bpa,Afro-Asiatic
bpb,Austro-Asiatic
bqb,Basque
bqg,Basque
bqh,Basque
bqi,Basque
bql,Basque
bqn,Basque
bqo,Basque
bqr,Basque
bqs,Basque
bqz,Basque
bra,Austro-Asiatic
brb,Niger-Congo
brc,Chibchan
brd,Nyulnyulan
bre,Indo-European
brf,Afro-Asiatic
brh,Dravidian
bri,Chibchan
brj,Afro-Asiatic
brk,Tor-Kwerba
brl,Sino-Tibetan
brm,Sino-Tibetan
brn,Afro-Asiatic
bro,other
brp,Skou
brq,Niger-Congo
brr,Bororoan
brs,Tucanoan
bru,Austro-Asiatic
brw,Austro-Asiatic
bry,Trans-New Guinea
brz,Central Sudanic
bse,Afro-Asiatic
bsh,Niger-Congo
bsi,Afro-Asiatic
bsk,Altaic
bsl,other
bsm,other
bso,Basque
bsq,Basque
bsr,Niger-Congo
bth,Afro-Asiatic
bti,Betoi
btk,Austronesian
bto,Austronesian
bua,Mangrida
bub,Niger-Congo
bud,Afro-Asiatic
bug,Austronesian
bui,Austronesian
buj,Niger-Congo
buk,Niger-Congo
bul,Indo-European
bum,Austronesian
bun,South Bougainville
bur,Burushaski
bus,Mande
but,Altaic
buu,Austronesian
buw,Niger-Congo
buy,Niger-Congo
bvi,Austronesian
bwa,Pama-Nyungan
bwc,Austronesian
bxj,Pama-Nyungan
bya,Sino-Tibetan
bys,Afro-Asiatic
byu,Pama-Nyungan
bzi,Geelvink Bay
cab,Chibchan
cac,Cacua-Nukak
cad,Caddoan
cah,Uto-Aztecan
cai,Eastern Sudanic
cak,Mayan
cam,Camsá
can,Candoshi
cap,Pano-Tacanan
car,Cariban
cas,Pano-Tacanan
cat,Choco
cav,Pano-Tacanan
cax,Arawakan
cay,Barbacoan
cba,Chumash
cbo,Pano-Tacanan
cch,Oto-Manguean
cck,Muskogean
ccm,Oto-Manguean
cco,Na-Dene
ccp,Hokan
cct,Muskogean
cde,Cariban
cea,Algic
ceb,Austronesian
cec,Mayan
cem,Austronesian
cga,Niger-Congo
cha,Austronesian
chb,Ramu-Lower Sepik
chc,Nakh-Daghestanian
chd,Sino-Tibetan
che,Iroquoian
chg,Sino-Tibetan
chh,Afro-Asiatic
chi,Hokan
chj,Mayan
chk,Chukotko-Kamchatkan
chl,Salishan
chm,Nakh-Daghestanian
chn,Sino-Tibetan
cho,Hokan
chp,Na-Dene
chq,Oto-Manguean
chr,Austro-Asiatic
chs,Sino-Tibetan
cht,Oto-Manguean
chu,Matacoan
chv,Altaic
chw,Austronesian
chx,Hokan
chy,Cahuapanan
cic,Niger-Congo
cil,Niger-Congo
cin,Chumash
cjo,Oto-Manguean
ckh,Austronesian
ckl,Penutian
cku,Penutian
cla,Salishan
clc,Pama-Nyungan
cld,Afro-Asiatic
cle,Oto-Manguean
cln,Hobitu-Cholon
cly,Altaic
cma,Chibchan
cmc,Hokan
cme,Austronesian
cmh,Uto-Aztecan
cmk,Chimakuan
cml,Sino-Tibetan
cmn,Uto-Aztecan
cmr,Sino-Tibetan
cmx,Salishan
cmy,Mayan
cnl,Macro-Ge
cnm,Katukinan
cnt,Sino-Tibetan
coa,Coahuiltecan
coc,Tupian
coe,Salishan
cof,Cofán
cog,Chibchan
coi,Mayan
col,Mayan
com,Niger-Congo
coo,Oregon Coast
cop,Afro-Asiatic
cor,Uto-Aztecan
cos,Penutian
cpa,Arawakan
cpl,Oto-Manguean
cpn,Sino-Tibetan
cpw,Algic
cpy,Uru-Chipaya
cqt,Chiquitano
cre,Algic
crg,Tupian
crh,Austronesian
cri,Altaic
crj,Cariban
crk,Muskogean
crl,Austronesian
crn,Indo-European
cro,Siouan
crp,Tucanoan
crq,Na-Dene
crt,Matacoan
csc,Oto-Manguean
csf,Oto-Manguean
csh,Pano-Tacanan
csk,Niger-Congo
csl,other
cso,Oto-Manguean
ctc,Oto-Manguean
cte,Oto-Manguean
cti,Sino-Tibetan
ctl,Indo-European
ctm,Chitimacha
ctt,Oto-Manguean
ctw,Siouan
cua,Austro-Asiatic
cub,Tucanoan
cuc,Timote-Cuica
cui,Guahiban
cul,Arauan
cum,Niger-Congo
cup,Uto-Aztecan
cur,Arawakan
cut,Cuitlatec
cuu,Austronesian
cvc,other
cve,Trans-New Guinea
cwe,Salishan
cya,Oto-Manguean
cyg,Iroquoian
cyn,Algic
cyv,Cayuvava
cze,Indo-European
daa,Austronesian
dab,Afro-Asiatic
dad,Teberan-Pawaian
dag,Trans-New Guinea
dah,Afro-Asiatic
dak,Siouan
dam,Chibchan
dan,Mande
dar,Indo-European
dat,Eastern Sudanic
daw,Nadahup
day,Niger-Congo
dbd,Niger-Congo
dbr,Indo-European
dca,Austronesian
dda,Pama-Nyungan
ddf,Eastern Sudanic
ddj,Niger-Congo
dds,Dogon
def,Ijoid
deg,Niger-Congo
den,Arauan
der,Senagi
des,Tucanoan
det,Khoe-Kwadi
deu,Sino-Tibetan
dga,Niger-Congo
dgb,Niger-Congo
dge,other
dgi,Indo-European
dgo,Niger-Congo
dgr,Altaic
dgx,Na-Dene
dha,Afro-Asiatic
dhb,Pama-Nyungan
dhi,Indo-European
dhl,Pama-Nyungan
dhm,Sino-Tibetan
dhr,Pama-Nyungan
dhu,Pama-Nyungan
dhw,Pama-Nyungan
did,Eastern Sudanic
die,Hokan
dig,Sino-Tibetan
dim,Afro-Asiatic
din,Eastern Sudanic
dio,Niger-Congo
diy,Pama-Nyungan
diz,Afro-Asiatic
dja,Pama-Nyungan
dji,Mirndi
djm,Pama-Nyungan
djn,Pama-Nyungan
djp,Pama-Nyungan
djr,Pama-Nyungan
dli,Indo-European
dlm,Senagi
dma,Niger-Congo
dmi,Sino-Tibetan
dmk,Indo-European
dms,Sino-Tibetan
dng,Niger-Congo
dni,Trans-New Guinea
dnw,Afro-Asiatic
dob,Austronesian
dok,Niger-Congo
dol,Altaic
dom,Indo-European
don,Tai-Kadai
dou,Lakes Plain
doy,Niger-Congo
dre,Austronesian
drg,Nakh-Daghestanian
dri,Indo-European
drm,Sino-Tibetan
dsh,Indo-European
dts,Dogon
dua,Niger-Congo
dug,Afro-Asiatic
duk,Niger-Congo
dul,Sino-Tibetan
dum,Skou
dun,Duna-Bogaya
dut,Indo-European
duz,Indo-European
dyi,Pama-Nyungan
dym,Niger-Congo
dyu,Mande
ebi,Niger-Congo
edo,Trans-New Guinea
efi,Niger-Congo
ega,Niger-Congo
egn,Niger-Congo
eip,Trans-New Guinea
eja,Niger-Congo
eka,Trans-New Guinea
eko,Niger-Congo
els,Morwap
emb,Choco
emc,Choco
eme,Tupian
eml,Austronesian
emm,Western Daly
ena,Trans-New Guinea
ene,Uralic
eng,Indo-European
eno,Austronesian
eny,Niger-Congo
epe,Choco
erk,Austronesian
err,Austronesian
ese,Pano-Tacanan
esm,Tacame
ess,Esselen
est,Uralic
ets,Niger-Congo
eud,Uto-Aztecan
eve,Altaic
evn,Altaic
ewa,Niger-Congo
ewe,Niger-Congo
ewo,Niger-Congo
eya,Na-Dene
far,Indo-European
fas,Trans-New Guinea
fbf,Niger-Congo
fea,Indo-European
fef,Niger-Congo
fgu,Niger-Congo
fij,Austronesian
fin,Uralic
fio,Niger-Congo
fiw,Austronesian
fli,Niger-Congo
fma,Niger-Congo
fni,Niger-Congo
fno,Indo-European
foe,Trans-New Guinea
fon,Niger-Congo
for,Trans-New Guinea
fox,Algic
fqs,Baibai-Fas
frd,Austronesian
fre,Indo-European
fri,Indo-European
frw,Indo-European
fsl,other
fua,Niger-Congo
fue,Austronesian
ful,Fulniô
fum,Niger-Congo
fur,Fur
fus,Niger-Congo
fut,Austronesian
fuz,Sino-Tibetan
fye,Niger-Congo
ga,Niger-Congo
gaa,Gaagudju
gad,Niger-Congo
gae,Indo-European
gag,Altaic
gah,Trans-New Guinea
gal,Sino-Tibetan
gam,Afro-Asiatic
gan,Great Andamanese
gap,Austronesian
gar,Sino-Tibetan
gau,Indo-European
gav,Tupian
gay,Austronesian
gba,Indo-European
gbb,Niger-Congo
gbc,other
gbe,Indo-European
gbk,Niger-Congo
gbl,Indo-European
gbs,Niger-Congo
gcy,Indo-European
gdb,Austro-Asiatic
gdf,Afro-Asiatic
gdi,Niger-Congo
gdk,Dravidian
gdl,other
gdr,Afro-Asiatic
gds,Trans-New Guinea
gel,Austronesian
geo,Kartvelian
ger,Indo-European
gfr,other
ggd,Pama-Nyungan
ggu,Pama-Nyungan
gha,Indo-European
ghb,Guahiban
gho,Niger-Congo
ghr,Sino-Tibetan
gid,Pama-Nyungan
gil,Indo-European
gim,Afro-Asiatic
gir,Niger-Congo
git,Tsimshianic
giz,Afro-Asiatic
gji,Pama-Nyungan
gjj,Tupian
gku,Chonan
gla,Tai-Kadai
glc,Indo-European
gll,North Halmaheran
gln,Trans-New Guinea
glp,Pama-Nyungan
gma,Indo-European
gmb,Barbacoan
gml,Pama-Nyungan
gmt,Pama-Nyungan
gmw,Austronesian
gmz,Gumuz
gna,Mascoian
gnb,Gunwinyguan
gnd,Afro-Asiatic
gnn,Worrorran
gno,Tucanoan
gny,Pama-Nyungan
goa,Arawakan
god,Nakh-Daghestanian
goe,Afro-Asiatic
gog,Trans-New Guinea
goj,Indo-European
gok,Niger-Congo
gol,Niger-Congo
gon,Dravidian
goo,Bunuban
gor,Afro-Asiatic
gos,Indo-European
gpz,Indo-European
grb,Niger-Congo
gre,Eskimo-Aleut
grf,Arawakan
grg,Mangrida
grj,Uto-Aztecan
grk,Indo-European
grm,Niger-Congo
grn,Niger-Congo
gro,Mande
grp,Indo-European
grr,Garrwan
grs,Trans-New Guinea
grt,Austronesian
grw,Eskimo-Aleut
gsl,other
gso,Eskimo-Aleut
gtg,Indo-European
gth,Indo-European
gti,Indo-European
gto,Guató
gua,Tupian
gud,Afro-Asiatic
gue,Niger-Congo
guf,Pama-Nyungan
gug,Pama-Nyungan
guh,Trans-New Guinea
guj,Indo-European
gul,Central Sudanic
gum,Pama-Nyungan
gun,Niger-Congo
guq,Cariban
gur,Sino-Tibetan
gus,Niger-Congo
guu,Pama-Nyungan
guw,Niger-Congo
gvi,Indo-European
gwa,Niger-Congo
gwe,Indo-European
gwo,Niger-Congo
gyb,Guahiban
gyc,Sino-Tibetan
gzu,Indo-European
had,Hadza
hai,Haida
hak,Sino-Tibetan
hal,Austronesian
ham,Trans-New Guinea
han,Sino-Tibetan
har,Piawi
hat,Hatim-Mansim
hau,Afro-Asiatic
hav,Hokan
haw,Austronesian
hay,Sino-Tibetan
hba,Afro-Asiatic
hcr,other
hdi,Afro-Asiatic
heb,Afro-Asiatic
heh,Niger-Congo
hei,Wakashan
hem,Niger-Congo
her,Niger-Congo
hhu,Sepik
hia,Cariban
hid,Siouan
hil,Austronesian
hin,Indo-European
hix,Cariban
hks,other
hlb,Indo-European
hli,Salishan
hln,Austro-Asiatic
hlp,Hokan
hlu,Salishan
hma,Sino-Tibetan
hmb,Jivaroan
hmd,Hmong-Mien
hmi,Witotoan
hmo,Hmong-Mien
hmr,Afro-Asiatic
hmu,Witotoan
hna,Afro-Asiatic
hnd,Niger-Congo
hnk,Nakh-Daghestanian
hnn,Austronesian
hno,Haida
ho,Austro-Asiatic
hoa,Austronesian
hok,Sino-Tibetan
hol,Niger-Congo
hop,Uto-Aztecan
hpd,Nadahup
hre,Austro-Asiatic
hrr,Afro-Asiatic
hrs,Afro-Asiatic
hsl,Wakashan
htc,Mayan
hua,Trans-New Guinea
huc,Kxa
hui,Uto-Aztecan
hum,Witotoan
hun,Uralic
hup,Na-Dene
hve,Huavean
hwc,other
hwr,Indo-European
hya,Niger-Congo
hyo,Sino-Tibetan
hzb,Nakh-Daghestanian
iaa,Austronesian
iat,Sepik
iau,Lakes Plain
iba,Austronesian
ibi,Niger-Congo
ibn,Austronesian
ice,Indo-European
ics,other
idn,Austronesian
ido,Niger-Congo
idu,Sino-Tibetan
ifi,Indo-European
ifm,Niger-Congo
ifu,Austronesian
iga,Quechuan
igb,Niger-Congo
ige,Niger-Congo
ign,Arawakan
igs,Eastern Sudanic
iha,Greater West Bomberai
iir,Austronesian
ijo,Ijoid
ik,Eastern Sudanic
ika,Chibchan
ila,Niger-Congo
ill,Algic
ilo,Austronesian
imo,Border
ina,South Bird's Head
ind,Austronesian
ing,Nakh-Daghestanian
inj,Austronesian
inn,Pama-Nyungan
inr,Eskimo-Aleut
ins,Eskimo-Aleut
inu,Eskimo-Aleut
ipi,other
ipk,other
iql,Eskimo-Aleut
iqu,Zaparoan
ird,Indo-European
iri,Indo-European
irm,Indo-European
irq,Afro-Asiatic
irr,Austronesian
irs,other
irx,Iranxe
isa,Skou
ise,Niger-Congo
ish,Indo-European
isi,Tor-Kwerba
isl,other
isn,Austronesian
iso,Niger-Congo
iss,other
ita,Indo-European
itb,Indo-European
ite,Chukotko-Kamchatkan
itg,Indo-European
itn,Indo-European
ito,Itonama
itu,Indo-European
itw,Austronesian
itz,Mayan
iva,Austronesian
iwa,Iwaidjan
iwm,Sepik
ixc,Oto-Manguean
ixi,Mayan
izh,Uralic
izi,Niger-Congo
jab,Austronesian
jad,Sino-Tibetan
jah,Austro-Asiatic
jak,Mayan
jam,Mirndi
jaq,Aymaran
jar,Niger-Congo
jav,Austronesian
jbt,Macro-Ge
jcr,other
jeb,Cahuapanan
jeh,Austro-Asiatic
jel,Mande
jem,Kiowa-Tanoan
jia,Sino-Tibetan
jib,Afro-Asiatic
jin,Sino-Tibetan
jiv,Jivaroan
jlu,Eastern Sudanic
jmm,Arauan
jmo,Central Sudanic
jms,Dogon
jng,Sino-Tibetan
joh,Sino-Tibetan
jom,Kordofanian
jpn,Japanese
jpr,Cariban
jrn,Tupian
jrw,South Andamanese
jug,Sino-Tibetan
juh,Kxa
juk,Niger-Congo
jum,Tupian
jun,Austro-Asiatic
jur,Altaic
jva,Macro-Ge
jwr,Arauan
kaa,Tupian
kab,Northwest Caucasian
kac,Sino-Tibetan
kad,Kadu
kae,Tate
kag,Austronesian
kai,Ramu-Lower Sepik
kaj,Kaure
kak,Trans-New Guinea
kal,Indo-European
kam,Austronesian
kan,Niger-Congo
kao,Austronesian
kap,Austronesian
kaq,Pama-Nyungan
kar,Central Sudanic
kas,Indo-European
kat,Trans-New Guinea
kau,Austronesian
kaw,Tupian
kay,Tangkic
kaz,Altaic
kba,Niger-Congo
kbi,Sino-Tibetan
kbl,Afro-Asiatic
kbo,Keram
kbr,Austronesian
kbt,Indo-European
kbu,Saharan
kbw,Sino-Tibetan
kby,Niger-Congo
kch,Songhay
kda,Dravidian
kdg,Pano-Tacanan
kdw,Guaicuruan
kdz,Austronesian
kea,Mayan
ked,Austronesian
kef,Afro-Asiatic
kei,Austronesian
kek,Mayan
kel,Austronesian
kem,Afro-Asiatic
ken,Central Sudanic
keo,Austronesian
ker,Afro-Asiatic
ket,Yeniseian
keu,Austronesian
kew,Trans-New Guinea
kfc,other
kfe,Niger-Congo
kfy,Altaic
kga,Niger-Congo
kgi,Niger-Congo
kgl,Trans-New Guinea
kgm,Niger-Congo
kgr,Niger-Congo
kgt,Eskimo-Aleut
kgu,Pama-Nyungan
kgy,Sino-Tibetan
kgz,Altaic
kha,Altaic
khd,Sino-Tibetan
khg,Sino-Tibetan
khi,Nakh-Daghestanian
khk,Altaic
khl,Altaic
khm,Austro-Asiatic
khn,Tai-Kadai
kho,Khoe-Kwadi
khr,Austro-Asiatic
khs,Austro-Asiatic
khu,Sino-Tibetan
khv,Nakh-Daghestanian
khw,Indo-European
kic,Algic
kie,Ramu-Lower Sepik
kij,Jarrakan
kik,Niger-Congo
kil,Niger-Congo
kim,Kolopom
kin,Niger-Congo
kio,Kiowa-Tanoan
kiq,Altaic
kir,Niger-Congo
kis,Niger-Congo
kit,Caddoan
kiu,Greater West Bomberai
kiw,Trans-New Guinea
kje,Tucanoan
kji,Indo-European
kjn,Pama-Nyungan
kjo,Austronesian
kjr,Afro-Asiatic
kkb,Niger-Congo
kkl,other
kkn,Indo-European
kko,Mande
kkp,Altaic
kkq,Cariban
kkr,Lakes Plain
kkt,Austronesian
kku,Austro-Asiatic
kkv,Austronesian
kkw,Karankawa
kky,Austronesian
kkz,Indo-European
kla,Niger-Congo
klb,Afro-Asiatic
klg,Sino-Tibetan
klh,Indo-European
kli,Austronesian
klk,Niger-Congo
kll,Trans-New Guinea
klm,Penutian
kln,Greater West Bomberai
klp,Kalapuyan
klq,Trans-New Guinea
klr,Indo-European
kls,Salishan
klt,Austronesian
klv,Austronesian
klw,Hokan
kly,Pama-Nyungan
klz,Niger-Congo
kma,Tupian
kmb,Trans-New Guinea
kmh,Sino-Tibetan
kmi,Niger-Congo
kmj,Eastern Sudanic
kmk,Altaic
kmn,Trans-New Guinea
kmo,Trans-New Guinea
kmp,Trans-New Guinea
kmr,Asmat-Kamrau Bay
kms,Uralic
kmt,Nimboran
kmu,Austro-Asiatic
kmw,Eastern Daly
kmz,Torricelli
kna,Tupian
knb,Yam
knc,Pama-Nyungan
knd,Dravidian
kng,Macro-Ge
kni,Niger-Congo
knk,Afro-Asiatic
knm,Kunama
knn,Sino-Tibetan
kno,Kapixana
knp,Yam
knq,other
knr,Saharan
knu,North Bougainville
knw,Penutian
knz,Sino-Tibetan
koa,Muskogean
kob,Trans-New Guinea
kod,Dravidian
koe,Eastern Sudanic
koh,Niger-Congo
koi,Trans-New Guinea
kok,Sino-Tibetan
kol,Dravidian
kom,Koman
kon,Niger-Congo
koo,Austronesian
kop,Uralic
kor,Korean
kos,Austronesian
kot,Dravidian
kou,Niger-Congo
kow,Niger-Congo
koy,Dravidian
kpa,Niger-Congo
kpe,Mande
kpm,Austronesian
kpn,Austronesian
kpo,Niger-Congo
kpw,Sino-Tibetan
kqq,Macro-Ge
kra,Austronesian
krb,Austronesian
krc,Altaic
krd,Indo-European
kre,Central Sudanic
krf,Trans-New Guinea
krg,Niger-Congo
krh,Macro-Ge
kri,Kariri
krj,Pama-Nyungan
krk,Hokan
krl,Uralic
krm,Altaic
krn,Khoe-Kwadi
kro,Kadu
krq,Chukotko-Kamchatkan
krr,Austronesian
krt,Nakh-Daghestanian
krw,Trans-New Guinea
kry,Chukotko-Kamchatkan
krz,Nakh-Daghestanian
ksa,Keresan
kse,Songhay
ksg,Sino-Tibetan
ksh,Hokan
ksi,Austro-Asiatic
ksl,other
ksm,Niger-Congo
ksn,Austro-Asiatic
ksp,Niger-Congo
ksr,Austronesian
kss,Niger-Congo
ksu,Indo-European
kta,Trans-New Guinea
ktb,other
ktc,Kadu
kte,Niger-Congo
kth,Na-Dene
kti,kts
ktk,Afro-Asiatic
ktl,Kordofanian
ktm,Penutian
ktn,Trans-New Guinea
kto,Na-Dene
ktp,Austronesian
ktt,Yeniseian
ktu,Austro-Asiatic
kty,Uralic
ktz,Indo-European
kua,Austronesian
kug,Sino-Tibetan
kui,Dravidian
kuk,Eastern Sudanic
kul,Afro-Asiatic
kum,Indo-European
kun,Chibchan
kuo,Kuot
kuq,Altaic
kur,Dravidian
kus,Kusunda
kut,Kutenai
kuu,Pama-Nyungan
kuv,Dravidian
kuy,Austronesian
kuz,Austronesian
kwa,Austronesian
kwb,Tor-Kwerba
kwe,Mayan
kwk,Wakashan
kwm,Afro-Asiatic
kwn,Niger-Congo
kwo,Sepik
kwr,Austronesian
kws,Uto-Aztecan
kwt,Kwomtari
kwy,Niger-Congo
kwz,Kwaza
kxo,Khoe-Kwadi
kya,Pama-Nyungan
kyg,Niger-Congo
kyk,Trans-New Guinea
kyl,Sino-Tibetan
kym,Altaic
kyn,Na-Dene
kyo,Niger-Congo
kyp,Macro-Ge
kyq,Wakashan
kyr,Pauwasi
kyt,Pama-Nyungan
kyz,Tupian
kzy,Uralic
laa,Laal
lab,Austronesian
lac,Mayan
lad,Sino-Tibetan
laf,Kordofanian
lag,Afro-Asiatic
lah,Sino-Tibetan
lai,Sino-Tibetan
lak,Nakh-Daghestanian
lal,Sino-Tibetan
lam,Afro-Asiatic
lan,Eastern Sudanic
lao,Tai-Kadai
lar,Darwin Region
lat,Indo-European
lau,Austronesian
lav,Solomons East Papuan
laz,Kartvelian
lbu,Niger-Congo
lch,Tai-Kadai
lcr,other
lda,Niger-Congo
ldn,Indo-European
ldo,Niger-Congo
ldu,Central Sudanic
leb,Niger-Congo
lec,Leko
leg,Niger-Congo
lel,Afro-Asiatic
len,Austronesian
lep,Sino-Tibetan
les,Central Sudanic
let,Austronesian
lew,Austronesian
lez,Nakh-Daghestanian
lga,Austronesian
lge,Indo-European
lgh,other
lgi,Niger-Congo
lgp,other
lgt,Central Sudanic
lgu,Austronesian
lha,Tai-Kadai
lho,Sino-Tibetan
lic,Tai-Kadai
lii,other
lil,Salishan
lim,Sino-Tibetan
lin,Niger-Congo
lis,Sino-Tibetan
lit,Indo-European
liv,Uralic
lje,Austronesian
lkk,Tai-Kadai
lkt,Siouan
lla,Pama-Nyungan
llm,Niger-Congo
lma,Mande
lmb,Niger-Congo
lmg,Afro-Asiatic
lmh,Austronesian
lml,Darwin Region
lmn,Indo-European
lmp,Austronesian
lmu,Austronesian
lnd,Niger-Congo
lng,Mascoian
lnj,Pama-Nyungan
lno,Indo-European
lns,Niger-Congo
lnw,Austronesian
lob,Niger-Congo
lok,Mande
lon,Austronesian
lot,Sino-Tibetan
lou,Austronesian
lov,Austro-Asiatic
loz,Niger-Congo
lrd,Tangkic
lrk,Austronesian
lsa,other
lsb,other
lse,other
lsf,other
lsq,other
lu,Tai-Kadai
lua,Niger-Congo
luc,Niger-Congo
lud,Austronesian
lug,Central Sudanic
lui,Uto-Aztecan
lul,Lule
lum,Salishan
lun,Sino-Tibetan
luo,Eastern Sudanic
lur,Indo-European
lus,Salishan
luv,Niger-Congo
lux,Indo-European
luy,Niger-Congo
lye,Niger-Congo
ma,Niger-Congo
maa,Eastern Sudanic
mab,Maban
mac,Cariban
mad,Central Sudanic
mae,Austronesian
mag,Sino-Tibetan
mah,Uralic
mai,Indo-European
maj,Eastern Sudanic
mak,Wakashan
mal,Austronesian
mam,Mayan
man,Mande
mao,Austronesian
map,Araucanian
mar,Hokan
mas,Afro-Asiatic
mau,Iwaidjan
mav,Trans-New Guinea
maw,Mande
max,Macro-Ge
may,Maybrat
maz,Oto-Manguean
mba,Niger-Congo
mbb,Pama-Nyungan
mbe,Niger-Congo
mbg,Afro-Asiatic
mbi,Niger-Congo
mbl,Niger-Congo
mbm,Niger-Congo
mbo,Bogia
mbr,Afro-Asiatic
mbt,Central Sudanic
mbu,Sepik
mby,Central Sudanic
mbz,Niger-Congo
mca,Matacoan
mcc,Mochica
mcd,Indo-European
mce,other
mcf,Algic
mcg,Guahiban
mch,Arawakan
mcn,Tucanoan
mco,Mixe-Zoque
mcr,other
mcs,Penutian
mcv,Guaicuruan
mda,Afro-Asiatic
mdb,Pama-Nyungan
mde,Mande
mdg,Niger-Congo
mdk,Mande
mdl,Eastern Daly
mdm,Pama-Nyungan
mdn,Siouan
mdo,Niger-Congo
mdr,Austronesian
mds,Austronesian
mdu,Niger-Congo
mdw,Niger-Congo
mdz,Niger-Congo
mea,East Bird's Head
meb,other
mee,Eastern Sudanic
meh,Afro-Asiatic
mei,Sino-Tibetan
mek,Tupian
mel,Austronesian
mem,Border
men,Algic
mer,Eastern Trans-Fly
mey,Trans-New Guinea
mga,Niger-Congo
mgd,Austronesian
mgg,Altaic
mgh,Indo-European
mgi,Trans-New Guinea
mgk,Niger-Congo
mgl,Kartvelian
mgn,Austronesian
mgo,Niger-Congo
mgq,Central Sudanic
mgu,Afro-Asiatic
mhc,Algic
mhi,Indo-European
mhk,Sepik
mhl,Sino-Tibetan
mhm,Austro-Asiatic
mhu,Niger-Congo
mic,Algic
mid,Eastern Sudanic
mie,Hmong-Mien
mig,Afro-Asiatic
mii,Eastern Sudanic
mij,Sino-Tibetan
mik,Sino-Tibetan
mil,Sino-Tibetan
min,Austronesian
mir,Jarrakan
mis,Misumalpan
mit,Niger-Congo
miy,Afro-Asiatic
miz,Sino-Tibetan
mja,Oto-Manguean
mjc,Oto-Manguean
mjk,Niger-Congo
mka,Mande
mkb,Penutian
mkd,Niger-Congo
mke,Austronesian
mkg,Mande
mkh,Altaic
mki,Muskogean
mkj,Greater West Bomberai
mkl,Bulaka River
mkn,Niger-Congo
mko,Afro-Asiatic
mkq,Niger-Congo
mkr,Ramu-Lower Sepik
mks,Austronesian
mku,Western Daly
mkw,Máku
mkz,Niger-Congo
mla,Niger-Congo
mlc,other
mle,Afro-Asiatic
mlg,Afro-Asiatic
mli,Baining
mlk,Northern Daly
mll,Penutian
mlm,Austro-Asiatic
mlt,Afro-Asiatic
mlu,Austronesian
mly,Austronesian
mma,Afro-Asiatic
mmb,Austronesian
mme,Uralic
mmi,Niger-Congo
mmn,Austronesian
mmo,Uralic
mmp,Niger-Congo
mms,Austronesian
mmu,Austronesian
mmv,Central Sudanic
mmw,Niger-Congo
mna,Austronesian
mnc,Altaic
mnd,Sino-Tibetan
mne,Penutian
mng,Austronesian
mni,Trans-New Guinea
mnj,Pama-Nyungan
mnk,Mande
mnm,Austronesian
mno,Uto-Aztecan
mnr,Austronesian
mns,Uralic
mnt,Austronesian
mnu,Hmong-Mien
mnv,Austronesian
mnx,Indo-European
mny,Pama-Nyungan
mnz,Niger-Congo
moa,Austronesian
moc,Afro-Asiatic
moe,Uralic
mof,Afro-Asiatic
mog,Altaic
moh,Iroquoian
moj,Hokan
mok,Austronesian
mol,Indo-European
mom,Mombum
mon,Austro-Asiatic
moo,Niger-Congo
mop,Mayan
mor,Austronesian
mos,Mosetenan
mot,South Bougainville
mou,Central Sudanic
mov,Movima
mpa,Southern Daly
mpo,Niger-Congo
mpr,Arawakan
mpt,Trans-New Guinea
mpu,Mpur
mpy,Cariban
mqc,other
mqf,Trans-New Guinea
mra,Mangarrayi-Maran
mrc,Sino-Tibetan
mrd,Trans-New Guinea
mrg,Afro-Asiatic
mrh,Western Daly
mri,Moraori
mrj,Pama-Nyungan
mrk,Ramu-Lower Sepik
mrl,Eastern Sudanic
mrn,Austronesian
mro,Kordofanian
mrq,Austronesian
mrr,Western Daly
mrs,Mairasic
mrt,Pama-Nyungan
mru,Sino-Tibetan
mrw,Pama-Nyungan
msc,Chibchan
mse,Algic
msg,Sino-Tibetan
msh,Austronesian
msk,Kordofanian
msl,Maban
msm,Austronesian
msn,Austronesian
msq,Salishan
mss,Penutian
msy,Sino-Tibetan
mta,Austronesian
mtb,Niger-Congo
mtg,Algic
mth,Mixe-Zoque
mti,Chibchan
mtk,Austronesian
mtl,Na-Dene
mto,Dravidian
mtp,Mixe-Zoque
mts,Pano-Tacanan
mtt,Algic
mtu,Austronesian
mua,Niger-Congo
mud,Niger-Congo
mug,Trans-New Guinea
muh,Afro-Asiatic
mui,Boran
mul,Tai-Kadai
mum,Niger-Congo
mun,Austro-Asiatic
muo,Austro-Asiatic
mup,Afro-Asiatic
mur,Eastern Sudanic
mus,Austronesian
mut,Penutian
muu,Tupian
muy,Austronesian
mwa,Pama-Nyungan
mwb,Austronesian
mwc,Indo-European
mwe,Niger-Congo
mwl,Penutian
mwn,Penutian
mwo,Austronesian
mwp,Penutian
mxa,Oto-Manguean
mxc,Oto-Manguean
mxe,Austronesian
mxg,Oto-Manguean
mxj,Oto-Manguean
mxl,Oto-Manguean
mxm,Oto-Manguean
mxo,Oto-Manguean
mxp,Oto-Manguean
mxs,Oto-Manguean
mxt,Oto-Manguean
mxu,Oto-Manguean
mxx,Mixe-Zoque
mxy,Oto-Manguean
mxz,Oto-Manguean
mya,Austronesian
myg,Niger-Congo
myi,Mangarrayi-Maran
myk,Austronesian
mym,Dravidian
myn,Austronesian
myo,Uto-Aztecan
myr,Pano-Tacanan
myy,Pama-Nyungan
mzc,Oto-Manguean
mzh,Oto-Manguean
mzn,Indo-European
naa,Afro-Asiatic
nab,Trans-New Guinea
nad,Nadahup
naf,Niger-Congo
nag,Yale
nah,Nahali
nai,Altaic
naj,Afro-Asiatic
nak,Austronesian
nal,Austronesian
nam,Sepik
nan,Eastern Sudanic
nap,Afro-Asiatic
nar,Eastern Sudanic
nas,South Bougainville
nat,Natchez
nau,Austronesian
nav,Na-Dene
nax,Sino-Tibetan
nbb,Austronesian
nbd,Eastern Sudanic
nbe,Niger-Congo
nbh,Eastern Sudanic
nbk,Austronesian
nbm,Niger-Congo
nbo,Niger-Congo
nbr,Chibchan
nca,Austro-Asiatic
ncm,Niger-Congo
ndb,Niger-Congo
nde,Niger-Congo
ndg,Niger-Congo
ndi,Niger-Congo
ndj,Mangrida
ndo,Niger-Congo
ndr,Austronesian
ndt,Niger-Congo
ndu,Niger-Congo
ndy,other
ned,other
neg,Altaic
neh,Austronesian
nel,Austronesian
nen,Uralic
nep,Indo-European
nev,Uto-Aztecan
new,Sino-Tibetan
ney,Niger-Congo
nez,Penutian
nga,Uralic
ngb,Niger-Congo
ngd,Austronesian
nge,Niger-Congo
ngg,Southern Daly
ngi,Pama-Nyungan
ngj,Pama-Nyungan
ngk,Southern Daly
ngl,Gunwinyguan
ngm,Central Sudanic
ngn,Gunwinyguan
ngo,Niger-Congo
ngr,Pama-Nyungan
ngt,Sino-Tibetan
ngu,Austronesian
ngw,Pama-Nyungan
ngy,Pama-Nyungan
ngz,Afro-Asiatic
nha,Pama-Nyungan
nhc,Uto-Aztecan
nhh,Uto-Aztecan
nhm,Uto-Aztecan
nhn,Uto-Aztecan
nhp,Uto-Aztecan
nht,Uto-Aztecan
nhu,Uto-Aztecan
nhx,Uto-Aztecan
nia,Austronesian
nic,Austro-Asiatic
nif,Austronesian
nih,other
nim,Nimboran
nin,Torricelli
nis,Sino-Tibetan
nit,Wakashan
niu,Austronesian
niv,Nivkh
nju,Pama-Nyungan
nkb,Gunwinyguan
nke,Niger-Congo
nkk,Mangrida
nkn,Niger-Congo
nko,Niger-Congo
nkr,Austronesian
nkt,Austro-Asiatic
nku,Eastern Sudanic
nlr,Pama-Nyungan
nlu,Pama-Nyungan
nly,Pama-Nyungan
nma,Sino-Tibetan
nmb,Nambikuaran
nmd,Trans-New Guinea
nmi,Uto-Aztecan
nmm,Sino-Tibetan
nmp,Uto-Aztecan
nnc,Austro-Asiatic
nnd,Trans-New Guinea
nne,Austronesian
nng,Niger-Congo
nnk,Trans-New Guinea
nnm,Austronesian
nnn,Niger-Congo
nnt,Algic
nob,Eastern Sudanic
noc,Sino-Tibetan
nog,Altaic
nok,Altaic
nom,Arawakan
non,Niger-Congo
noo,Niger-Congo
nor,Indo-European
npa,Uto-Aztecan
nph,Sino-Tibetan
npi,other
npn,other
npu,Austronesian
nrg,Niger-Congo
nrm,Austronesian
nro,Khoe-Kwadi
nse,Niger-Congo
nsg,Tsimshianic
nsk,Algic
nsn,Penutian
nsy,Afro-Asiatic
nsz,Uto-Aztecan
nte,other
nti,Central Sudanic
ntj,Pama-Nyungan
ntn,Niger-Congo
nto,Niger-Congo
ntu,Uralic
nua,Austronesian
nub,other
nue,Eastern Sudanic
nug,Gunwinyguan
nuk,Cacua-Nukak
nun,Tai-Kadai
nup,Niger-Congo
nus,Sino-Tibetan
nuu,Wakashan
nvs,Nivkh
nwd,Sino-Tibetan
nya,Pama-Nyungan
nyg,Eastern Sudanic
nyh,Niger-Congo
nyi,Eastern Sudanic
nyk,Sino-Tibetan
nyl,Austronesian
nym,Niger-Congo
nyn,Nyulnyulan
nyr,Pama-Nyungan
nyu,Nyulnyulan
nza,Niger-Congo
nze,Sino-Tibetan
nzs,other
obg,Niger-Congo
obk,Lakes Plain
obo,Niger-Congo
oca,Witotoan
occ,Indo-European
ocu,Oto-Manguean
ogb,Niger-Congo
oi,Austro-Asiatic
oir,Altaic
oix,Oto-Manguean
oji,Algic
ojm,Algic
ojs,Algic
oka,Salishan
oko,Indo-European
oks,Trans-New Guinea
oku,Niger-Congo
olm,Austronesian
olo,Torricelli
olu,Mixe-Zoque
oma,Tupian
omh,Siouan
omi,Trans-New Guinea
ond,Iroquoian
one,Torricelli
ong,South Andamanese
onn,Iroquoian
ono,Trans-New Guinea
ood,Uto-Aztecan
ora,Niger-Congo
orb,Afro-Asiatic
orc,Altaic
ord,Altaic
ore,Tucanoan
orh,Afro-Asiatic
ori,Kordofanian
ork,Altaic
orl,Eleman
orm,Indo-European
oro,Trans-New Guinea
orw,Afro-Asiatic
ory,Tor-Kwerba
osa,Siouan
osm,Oto-Manguean
oss,Indo-European
otm,Oto-Manguean
oto,Siouan
otr,Kordofanian
ots,Oto-Manguean
owc,Afro-Asiatic
owi,Left May
oya,Indo-European
paa,Afro-Asiatic
pac,Austro-Asiatic
pad,Austronesian
pae,Páezan
pag,North Halmaheran
pai,Austronesian
pak,Pama-Nyungan
pal,Austronesian
pam,Oto-Manguean
pan,Indo-European
pap,other
par,Eastern Sudanic
pat,Austronesian
pau,Arauan
paw,Teberan-Pawaian
pba,Uto-Aztecan
pcm,Mayan
pdp,Teberan-Pawaian
pec,Chibchan
pem,Cariban
pen,Dravidian
per,Afro-Asiatic
pga,Guaicuruan
pgl,Austronesian
phl,Sino-Tibetan
pia,Sáliban
pil,Austronesian
pin,Pama-Nyungan
pip,Uto-Aztecan
pir,Arawakan
pis,Trans-New Guinea
pit,Pama-Nyungan
pkm,Mayan
pkn,Pama-Nyungan
pkt,Eastern Sudanic
pla,Guahiban
plb,Indo-European
plg,Austro-Asiatic
plh,Austronesian
plk,Arawakan
plp,Austronesian
plr,Niger-Congo
pmc,Hokan
pme,Hokan
pmn,Hokan
pms,Austronesian
pna,Austronesian
png,Niger-Congo
pnn,Austronesian
pno,Uto-Aztecan
pnr,Cariban
pnu,Hmong-Mien
pnx,Macro-Ge
pny,Pama-Nyungan
poa,Austronesian
pod,Afro-Asiatic
pog,Niger-Congo
poh,Austronesian
pok,Skou
pol,Indo-European
pop,Oto-Manguean
por,Indo-European
pot,Algic
pow,Algic
ppc,Arawakan
ppi,Pama-Nyungan
pra,Indo-European
prc,Arawakan
prd,Dravidian
pre,Niger-Congo
prh,Mura
pri,other
prk,Sino-Tibetan
pro,Indo-European
prs,Indo-European
prt,Tucanoan
psh,Indo-European
psj,Oto-Manguean
psl,other
psm,Algic
pso,Hokan
psv,Oto-Manguean
psw,Austronesian
pta,Austronesian
pte,Sino-Tibetan
ptp,Austronesian
ptt,Sino-Tibetan
ptw,Penutian
pui,Puinave
puk,Austro-Asiatic
pul,Austronesian
pum,Sino-Tibetan
pun,Wandjiginy
puq,Puquina
pur,Tarascan
put,Uto-Aztecan
pwn,Caddoan
qaf,Afro-Asiatic
qan,Quechuan
qaw,Alacalufan
qay,Quechuan
qbo,Quechuan
qca,Quechuan
qch,Mayan
qco,Quechuan
qcu,Quechuan
qec,Quechuan
qhu,Quechuan
qia,Sino-Tibetan
qim,Quechuan
qta,Quechuan
que,Hokan
qui,Chimakuan
qum,Mayan
rad,Austronesian
rag,Austronesian
ral,Sino-Tibetan
ram,Chibchan
rao,Ramu-Lower Sepik
rap,Austronesian
ras,Kordofanian
rav,Indo-European
raw,Sino-Tibetan
rbg,Indo-European
rbu,Indo-European
rcp,other
rej,Austronesian
rem,Austro-Asiatic
ren,Afro-Asiatic
res,Arawakan
ret,Tucanoan
rga,Niger-Congo
rgc,Sino-Tibetan
rgn,Austronesian
ria,Kolopom
rik,Macro-Ge
rim,Niger-Congo
rit,Pama-Nyungan
rji,Sino-Tibetan
rka,Indo-European
rlo,Indo-European
rmb,Gunwinyguan
rmc,Indo-European
rnd,Niger-Congo
rng,Austro-Asiatic
rnn,Austronesian
rnr,Indo-European
rny,Niger-Congo
rom,Indo-European
ron,Afro-Asiatic
ror,Austronesian
rot,Austronesian
rov,Austronesian
rpa,Sino-Tibetan
rru,Niger-Congo
rsc,Indo-European
rse,Indo-European
rsh,Indo-European
rsl,other
rsm,Indo-European
rsu,Indo-European
rti,Austronesian
rtk,North Bougainville
ruk,Austronesian
rum,Trans-New Guinea
run,Maban
rus,Indo-European
rut,Nakh-Daghestanian
rwa,Trans-New Guinea
rwe,Indo-European
ryu,Japanese
saa,Austronesian
sab,Austronesian
sae,Tai-Kadai
sah,North Halmaheran
sak,Austronesian
sal,Hokan
sam,Austronesian
san,Niger-Congo
sao,Afro-Asiatic
sap,Austro-Asiatic
sar,Sepik
sav,Indo-European
saw,Austronesian
say,Mixe-Zoque
sba,Sáliban
sbg,Austronesian
sch,Salishan
scr,Indo-European
scs,Uralic
sdh,Indo-European
sdw,Sandawe
sea,Austronesian
seb,Eastern Sudanic
sec,Tucanoan
sed,Austro-Asiatic
see,Austronesian
sel,Chonan
sem,Sino-Tibetan
sen,Niger-Congo
ser,Hokan
ses,Niger-Congo
sey,other
sgb,East Bird's Head
sge,Niger-Congo
sgl,Niger-Congo
sgr,Austronesian
sgs,Salishan
sgu,Niger-Congo
sha,Tai-Kadai
shb,Shabo
shd,Sino-Tibetan
she,Sino-Tibetan
shh,Pano-Tacanan
shi,Yanomam
shk,Pano-Tacanan
shl,Eastern Sudanic
shm,Niger-Congo
shn,Niger-Congo
sho,Uto-Aztecan
shp,Penutian
shr,Altaic
shs,Hokan
sht,Eastern Sudanic
shu,Salishan
shw,Algic
shy,Altaic
sia,Trans-New Guinea
sid,Afro-Asiatic
sik,Austronesian
sil,Eastern Sudanic
sim,Austronesian
sin,Tucanoan
sio,Austronesian
sir,Austronesian
sis,Austronesian
siu,Oregon Coast
ski,Uralic
skk,Sino-Tibetan
skl,Austronesian
skm,Niger-Congo
sko,Skou
skp,Uralic
skr,Lakes Plain
sku,Niger-Congo
skw,Indo-European
sla,Na-Dene
slb,Austronesian
sle,Niger-Congo
slg,Sino-Tibetan
slo,Indo-European
slp,Trans-New Guinea
slr,Altaic
slv,Na-Dene
sly,Austronesian
smd,Austronesian
sme,Siamou
smj,Austro-Asiatic
sml,Austro-Asiatic
smn,Muskogean
smp,Shompen
smt,Penutian
sna,Indo-European
snc,Iroquoian
snd,Niger-Congo
sng,Austronesian
snh,Indo-European
snm,Yanomam
snn,Mande
sno,Uralic
snt,Sentanic
so,Eastern Sudanic
sob,Austronesian
sod,Afro-Asiatic
sol,Altaic
som,Afro-Asiatic
son,Austronesian
soo,Salishan
soq,Afro-Asiatic
sor,Austro-Asiatic
sou,Indo-European
spa,Indo-European
spc,Indo-European
spi,Sino-Tibetan
spo,Salishan
sps,Salishan
squ,Salishan
sra,other
srb,Indo-European
src,Na-Dene
srd,Indo-European
sre,Austro-Asiatic
sri,Tucanoan
srl,Indo-European
srm,other
srn,Tupian
sro,Trans-New Guinea
srr,Uto-Aztecan
sru,Austronesian
sry,Austronesian
ssa,Niger-Congo
ssh,Afro-Asiatic
ssl,other
sss,Salishan
sst,Salishan
sta,Altaic
sti,Austro-Asiatic
stl,Austro-Asiatic
stn,Niger-Congo
sto,Siouan
sub,Niger-Congo
sud,Austronesian
sue,Trans-New Guinea
sug,Eastern Sudanic
sui,Tai-Kadai
suk,Trans-New Guinea
sul,Sulka
sum,Misumalpan
sun,Austronesian
sup,Niger-Congo
sur,Austronesian
sus,Mande
sva,Kartvelian
svc,Indo-European
svk,Indo-European
svs,Solomons East Papuan
svt,other
swa,Niger-Congo
swe,Indo-European
swi,Austronesian
swr,Uto-Aztecan
swt,Niger-Congo
swv,Indo-European
syg,Altaic
syu,Trans-New Guinea
tab,Austronesian
tac,Pano-Tacanan
taf,Austronesian
tag,Austronesian
tah,Austronesian
tai,Afro-Asiatic
taj,Indo-European
tak,Austronesian
tal,Niger-Congo
tam,Sino-Tibetan
tan,Afro-Asiatic
tao,Sino-Tibetan
tap,Taiap
tar,Arawakan
tas,Afro-Asiatic
tat,Austronesian
tau,Trans-New Guinea
taw,Austronesian
tay,other
taz,Indo-European
tba,Trans-New Guinea
tbb,Uto-Aztecan
tbe,Afro-Asiatic
tbl,Sentanic
tbo,Austronesian
tbr,North Halmaheran
tbs,Nakh-Daghestanian
tbt,Austronesian
tbu,Saharan
tbw,Niger-Congo
tbx,Sino-Tibetan
tce,Uto-Aztecan
tda,Dravidian
tdi,Sino-Tibetan
tdr,Sino-Tibetan
tec,Mayan
tee,Totonacan
teh,Chonan
tel,Dravidian
tem,Niger-Congo
ten,Eastern Sudanic
teo,Austronesian
tep,Totonacan
ter,Afro-Asiatic
tes,Eastern Sudanic
tet,Niger-Congo
tew,Kiowa-Tanoan
tex,Altaic
tga,Austronesian
tgb,Austronesian
tgh,Afro-Asiatic
tgk,Austronesian
tgl,Sino-Tibetan
tgn,Austronesian
tgo,Niger-Congo
tgp,Greater West Bomberai
tgr,Afro-Asiatic
tgw,Austronesian
tha,Tai-Kadai
thd,Sino-Tibetan
thk,Sino-Tibetan
thn,Sino-Tibetan
tho,Salishan
thp,Pama-Nyungan
ths,other
tht,West Bird's Head
thu,Sino-Tibetan
thw,Austronesian
thy,Pama-Nyungan
tia,Kordofanian
tib,Sino-Tibetan
tic,Ticuna
tid,North Halmaheran
tif,Trans-New Guinea
tig,Afro-Asiatic
tik,Niger-Congo
til,Salishan
tim,Austronesian
tin,Austronesian
tir,Cariban
tis,Sino-Tibetan
tiv,Niger-Congo
tiw,Tiwian
tja,Hokan
tke,Austronesian
tki,Niger-Congo
tkl,Takelma
tkm,Altaic
tks,Niger-Congo
tla,Austronesian
tlb,Altaic
tld,Austronesian
tlf,Trans-New Guinea
tli,Na-Dene
tll,Taulil
tlo,North Halmaheran
tlp,Oto-Manguean
tls,Indo-European
tma,Eastern Sudanic
tmc,Timucua
tmg,Kayagar
tmi,Altaic
tmk,Afro-Asiatic
tml,Dravidian
tmm,Austronesian
tmn,Eastern Sudanic
tmo,Sino-Tibetan
tmp,Niger-Congo
tmr,Austro-Asiatic
tms,Dogon
tmu,Indo-European
tna,Eastern Sudanic
tnb,Chibchan
tnc,Na-Dene
tnd,Nakh-Daghestanian
tne,Niger-Congo
tng,Austronesian
tni,Sino-Tibetan
tnj,Na-Dene
tnk,Austronesian
tnl,Na-Dene
tnn,Niger-Congo
tno,Austronesian
tns,Austronesian
tnt,Austronesian
tny,Niger-Congo
toa,Eleman
tob,Guaicuruan
tod,Sino-Tibetan
tof,Altaic
toj,Mayan
tok,Niger-Congo
tol,Tol
ton,Tonkawa
toq,Austronesian
tor,Austronesian
tos,Totonacan
tot,Totonacan
tou,Niger-Congo
toy,Tasmanian
toz,Niger-Congo
tpa,Totonacan
tpc,Uto-Aztecan
tpi,other
tpn,Uto-Aztecan
tpr,Niger-Congo
tps,Uto-Aztecan
tpt,Tupian
trb,Chibchan
trc,Oto-Manguean
trd,Austronesian
trg,Kiowa-Tanoan
tri,Oto-Manguean
trm,Eastern Sudanic
trn,Arawakan
trr,Trans-New Guinea
trt,North Halmaheran
tru,Trumai
trw,Indo-European
try,Austronesian
tsa,Nakh-Daghestanian
tse,Austronesian
tsf,Barbacoan
tsg,Austronesian
tsh,Uto-Aztecan
tsi,Tsimshianic
tsj,Kiowa-Tanoan
tsk,Afro-Asiatic
tsl,other
tsm,Tasmanian
tsn,Niger-Congo
tso,Austronesian
tsp,Dravidian
tsr,Taushiro
tst,Austronesian
tsw,Niger-Congo
tsz,Nakh-Daghestanian
ttb,Altaic
ttd,Austronesian
tte,Siouan
ttn,Austronesian
tts,Indo-European
ttu,Nakh-Daghestanian
tty,Tucanoan
tua,Austronesian
tub,Uto-Aztecan
tuc,Tucanoan
tug,Afro-Asiatic
tui,other
tuk,Austronesian
tul,Dravidian
tum,Austronesian
tun,Tunica
tup,Tupian
tur,Altaic
tus,Iroquoian
tut,Na-Dene
tuv,Altaic
tuy,Tucanoan
tvl,Austronesian
tvo,Altaic
tvt,Sino-Tibetan
twa,Salishan
twe,Uto-Aztecan
twn,Kiowa-Tanoan
tws,Kiowa-Tanoan
twx,Altaic
txj,Totonacan
tye,Northern Daly
tza,Mayan
tze,Mayan
tzi,other
tzo,Mayan
tzt,Mayan
tzu,Mayan
uby,Northwest Caucasian
udh,Altaic
udi,Nakh-Daghestanian
udm,Uralic
ugs,other
uhi,Pama-Nyungan
ukr,Indo-European
uku,Na-Dene
ulc,Altaic
uld,Afro-Asiatic
uli,Austronesian
uma,Austronesian
umb,Niger-Congo
ump,Pama-Nyungan
umu,Cariban
una,Trans-New Guinea
ung,Worrorran
unm,Algic
ura,Austronesian
urd,Indo-European
urh,Niger-Congo
uri,Torricelli
urk,Tupian
url,Austronesian
urm,Altaic
urn,Urarina
urt,Torricelli
uru,Uru-Chipaya
usa,Trans-New Guinea
usl,other
usr,Trans-New Guinea
ute,Uto-Aztecan
uyg,Altaic
uzb,Altaic
uzn,Altaic
vaf,Indo-European
vag,Niger-Congo
vai,Mande
vas,Indo-European
vat,Niger-Congo
ved,Indo-European
ven,Niger-Congo
vep,Uralic
vie,Austro-Asiatic
vif,Niger-Congo
vka,Pama-Nyungan
vla,other
vnm,Austronesian
vot,Uralic
wag,Wagiman
wah,Trans-New Guinea
wai,Cariban
wak,Indo-European
wal,Torricelli
wam,Mirndi
wan,Pama-Nyungan
wao,Waorani
wap,Wappo-Yukian
war,Chapacura-Wanham
was,Washo
wat,Pama-Nyungan
wau,Choco
way,Tupian
wbn,Trans-New Guinea
wbt,Pama-Nyungan
wch,Matacoan
wdo,Pama-Nyungan
wec,Indo-European
wed,Austronesian
wel,Indo-European
wem,Pama-Nyungan
wer,Trans-New Guinea
wet,Austronesian
wgg,Pama-Nyungan
wgl,Indo-European
wgu,Pama-Nyungan
wic,Caddoan
wik,Penutian
win,Penutian
wir,Pama-Nyungan
wiy,Algic
wkw,Pama-Nyungan
wlf,Niger-Congo
wll,Austronesian
wlm,Pama-Nyungan
wlo,Austronesian
wlw,Pama-Nyungan
wly,Afro-Asiatic
wma,North Halmaheran
wme,Sino-Tibetan
wmn,Niger-Congo
wmu,Pama-Nyungan
wn,Pama-Nyungan
wna,Mande
wnb,Siouan
wnt,Trans-New Guinea
wob,Niger-Congo
wog,Sepik
woi,Greater West Bomberai
wol,Austronesian
wom,Skou
wor,Worrorran
wps,Arawakan
wra,Warao
wrb,Pama-Nyungan
wrd,Yangmanic
wrg,Pama-Nyungan
wrk,Arawakan
wrl,Pama-Nyungan
wrm,Austronesian
wrn,Mangarrayi-Maran
wrp,Austronesian
wrs,Border
wru,Pama-Nyungan
wrw,Nyulnyulan
wry,Gunwinyguan
wsk,Trans-New Guinea
wth,Pama-Nyungan
wtm,Ramu-Lower Sepik
wuc,Sino-Tibetan
wur,Arawakan
wwa,Niger-Congo
wwr,Pama-Nyungan
wwy,Austronesian
wya,Iroquoian
wyn,Cariban
xam,Tu
xar,Austronesian
xas,Mande
xav,Macro-Ge
xbi,Torricelli
xer,Macro-Ge
xho,Niger-Congo
xns,Sino-Tibetan
xok,Macro-Ge
xoo,Tu
xun,Kxa
yag,Peba-Yaguan
yah,Yámana
yak,Niger-Congo
yal,Trans-New Guinea
yam,Pano-Tacanan
yan,Hokan
yao,Niger-Congo
yap,Austronesian
yaq,Uto-Aztecan
yar,Trans-New Guinea
yav,Hokan
yaw,Yawa
yay,Tai-Kadai
yaz,Indo-European
yba,Niger-Congo
ybi,Sino-Tibetan
ych,Eskimo-Aleut
ycn,Arawakan
yct,Mayan
ydb,Indo-European
ydd,Indo-European
ydl,Indo-European
yei,Yam
yel,Yele
yem,Niger-Congo
yes,Sepik
yey,Niger-Congo
ygd,Niger-Congo
ygn,Indo-European
ygr,Trans-New Guinea
yi,Sino-Tibetan
yid,Pama-Nyungan
yil,Torricelli
yim,Ramu-Lower Sepik
yin,Pama-Nyungan
yir,Pama-Nyungan
yiw,Sino-Tibetan
yki,Wappo-Yukian
ykm,Niger-Congo
ykn,Austronesian
yko,Yukaghir
ykp,Cariban
ykt,Altaic
ylb,Pama-Nyungan
yli,Trans-New Guinea
ylm,Bulaka River
ylr,Pama-Nyungan
ylt,Indo-European
ymd,Austronesian
ymi,Austronesian
yms,Afro-Asiatic
yna,Eskimo-Aleut
yng,Pama-Nyungan
ynk,Pama-Nyungan
ynm,Yanomam
yns,Niger-Congo
yny,Pama-Nyungan
yok,Penutian
yor,Niger-Congo
ypk,Eskimo-Aleut
yqy,Trans-New Guinea
yrc,Yuracare
yrm,Yurimangí
yrr,Yaruro
yrt,Tucanoan
ysi,Eskimo-Aleut
ysl,Eskimo-Aleut
yta,Altaic
ytu,Yukaghir
yuc,Yuchi
yug,Yeniseian
yuk,Tangkic
yul,Central Sudanic
yun,Eskimo-Aleut
yur,Algic
yus,Eskimo-Aleut
yuw,Pama-Nyungan
ywl,Penutian
ywr,Nyulnyulan
yyg,Pama-Nyungan
yyo,Pama-Nyungan
yzv,Uralic
zag,Saharan
zai,Oto-Manguean
zaj,Oto-Manguean
zam,Oto-Manguean
zan,Niger-Congo
zap,Oto-Manguean
zaq,Oto-Manguean
zar,Songhay
zay,Afro-Asiatic
zaz,Indo-European
zch,Mixe-Zoque
zen,Afro-Asiatic
zfl,Mixe-Zoque
zhn,Tai-Kadai
zim,Trans-New Guinea
zno,Niger-Congo
zpi,Oto-Manguean
zpr,Zaparoan
zqc,Mixe-Zoque
zqo,Mixe-Zoque
zqr,Mixe-Zoque
zqs,Mixe-Zoque
zso,Niger-Congo
zsq,Oto-Manguean
zte,Oto-Manguean
zul,Niger-Congo
zun,Zuni
zya,Oto-Manguean
zzo,Oto-Manguean
